inspection_type,job_progress,latitude,longitude,inspection_date,result,approved_date
BAIT,1,40.715450766367,-73.999538265827,2019-11-22 11:20:54,Monitoring visit,2019-11-29 11:22:13
INITIAL,1,40.715450766367,-73.999538265827,2019-11-19 11:25:12,Active Rat Signs,2019-11-20 09:31:23
INITIAL,1,40.715450766367,-73.999538265827,2019-10-22 11:10:43,Active Rat Signs,2019-10-23 14:06:28
BAIT,8,40.715450766367,-73.999538265827,2019-10-12 09:12:28,Bait applied,2019-10-18 13:36:59
BAIT,7,40.715450766367,-73.999538265827,2019-10-05 13:02:52,Bait applied,2019-10-10 11:02:46
BAIT,6,40.715450766367,-73.999538265827,2019-09-28 08:34:23,Bait applied,2019-10-03 09:45:44
INITIAL,1,40.715450766367,-73.999538265827,2019-09-25 12:30:00,Active Rat Signs,2019-09-26 10:33:48
BAIT,5,40.715450766367,-73.999538265827,2019-09-14 08:35:49,Bait applied,2019-09-17 11:00:45
BAIT,1,40.715450766367,-73.999538265827,2019-09-07 08:15:31,Bait applied,2019-09-17 11:37:52
BAIT,4,40.715450766367,-73.999538265827,2019-07-12 12:04:01,Monitoring visit,2019-07-17 09:49:43
BAIT,3,40.715450766367,-73.999538265827,2019-07-05 10:15:31,Bait applied,2019-07-11 11:04:27
BAIT,2,40.715450766367,-73.999538265827,2019-06-29 08:30:27,Bait applied,2019-07-11 11:04:06
BAIT,1,40.715450766367,-73.999538265827,2019-06-22 08:35:16,Bait applied,2019-06-28 10:23:51
BAIT,6,40.715450766367,-73.999538265827,2019-06-15 08:30:10,Bait applied,2019-06-21 11:34:06
BAIT,5,40.715450766367,-73.999538265827,2019-06-08 08:30:48,Bait applied,2019-06-17 14:17:24
BAIT,4,40.715450766367,-73.999538265827,2019-06-01 08:30:19,Bait applied,2019-06-18 11:35:41
BAIT,3,40.715450766367,-73.999538265827,2019-05-25 09:00:21,Bait applied,2019-06-03 10:37:17
BAIT,40,40.715450766367,-73.999538265827,2019-05-09 11:25:56,Monitoring visit,2019-05-20 10:11:11
BAIT,2,40.715450766367,-73.999538265827,2019-04-06 11:50:00,Bait applied,2019-04-10 11:56:56
BAIT,3,40.715450766367,-73.999538265827,2019-04-06 10:10:44,Bait applied,2019-04-09 08:12:04
BAIT,39,40.715450766367,-73.999538265827,2019-03-25 09:30:00,Monitoring visit,2019-03-26 09:28:31
BAIT,2,40.715450766367,-73.999538265827,2019-03-23 14:13:40,Bait applied,2019-04-03 10:53:52
BAIT,1,40.715450766367,-73.999538265827,2019-03-16 12:20:40,Bait applied,2019-03-21 09:00:02
INITIAL,1,40.715450766367,-73.999538265827,2019-03-01 15:13:12,Active Rat Signs,2019-03-05 10:29:42
BAIT,1,40.715450766367,-73.999538265827,2019-02-23 08:30:40,Bait applied,2019-04-01 13:35:55
INITIAL,1,40.715450766367,-73.999538265827,2019-01-23 15:07:43,Active Rat Signs,2019-01-24 11:57:54
BAIT,38,40.715450766367,-73.999538265827,2018-10-16 11:36:06,Bait applied,2018-10-22 14:22:28
BAIT,37,40.715450766367,-73.999538265827,2018-10-10 11:10:01,Bait applied,2018-10-11 14:37:59
BAIT,36,40.715450766367,-73.999538265827,2018-10-05 11:36:40,Bait applied,2018-10-22 14:21:11
BAIT,35,40.715450766367,-73.999538265827,2018-10-01 11:36:48,Bait applied,2018-10-22 14:14:08
INITIAL,1,40.715450766367,-73.999538265827,2018-09-06 09:56:20,Active Rat Signs,2018-09-07 11:14:56
BAIT,34,40.715450766367,-73.999538265827,2018-08-23 11:36:03,Bait applied,2018-10-22 14:12:45
BAIT,33,40.715450766367,-73.999538265827,2018-08-21 11:36:49,Bait applied,2018-10-22 14:11:57
BAIT,32,40.715450766367,-73.999538265827,2018-08-20 11:36:50,Bait applied,2018-10-22 14:11:22
BAIT,31,40.715450766367,-73.999538265827,2018-08-17 11:36:06,Bait applied,2018-10-22 14:09:53
BAIT,30,40.715450766367,-73.999538265827,2018-08-16 11:36:50,Bait applied,2018-10-22 14:09:36
BAIT,29,40.715450766367,-73.999538265827,2018-08-10 11:36:59,Bait applied,2018-10-22 14:09:06
BAIT,28,40.715450766367,-73.999538265827,2018-08-09 11:36:46,Bait applied,2018-10-22 11:38:37
BAIT,27,40.715450766367,-73.999538265827,2018-08-08 11:36:19,Bait applied,2018-10-22 11:36:49
BAIT,26,40.715450766367,-73.999538265827,2018-08-07 11:03:25,Bait applied,2018-10-22 11:34:42
BAIT,25,40.715450766367,-73.999538265827,2018-07-20 09:30:51,Bait applied,2018-07-25 14:19:04
BAIT,24,40.715450766367,-73.999538265827,2018-07-18 11:00:41,Bait applied,2018-07-25 12:41:22
BAIT,23,40.715450766367,-73.999538265827,2018-07-17 11:00:41,Bait applied,2018-07-25 12:41:06
BAIT,22,40.715450766367,-73.999538265827,2018-07-16 11:00:00,Bait applied,2018-07-20 08:11:54
BAIT,21,40.715450766367,-73.999538265827,2018-07-10 10:00:15,Bait applied,2018-07-11 11:12:49
BAIT,20,40.715450766367,-73.999538265827,2018-07-03 09:30:41,Bait applied,2018-07-11 10:45:45
BAIT,19,40.715450766367,-73.999538265827,2018-06-26 09:30:35,Bait applied,2018-07-11 08:49:39
BAIT,18,40.715450766367,-73.999538265827,2018-06-18 09:30:35,Bait applied,2018-07-11 08:49:12
BAIT,17,40.715450766367,-73.999538265827,2018-06-14 09:30:35,Bait applied,2018-07-11 08:48:47
BAIT,16,40.715450766367,-73.999538265827,2018-06-08 09:30:41,Bait applied,2018-07-11 08:48:25
BAIT,15,40.715450766367,-73.999538265827,2018-05-24 10:00:57,Bait applied,2018-06-06 14:25:58
BAIT,14,40.715450766367,-73.999538265827,2018-05-15 10:00:34,Bait applied,2018-06-06 14:25:32
BAIT,13,40.715450766367,-73.999538265827,2018-05-09 10:00:00,Bait applied,2018-06-06 14:25:05
BAIT,12,40.715450766367,-73.999538265827,2018-05-01 10:30:46,Bait applied,2018-05-08 14:22:18
BAIT,11,40.715450766367,-73.999538265827,2018-04-26 10:30:04,Bait applied,2018-05-08 14:21:58
BAIT,10,40.715450766367,-73.999538265827,2018-04-24 10:30:46,Bait applied,2018-05-08 14:21:32
BAIT,9,40.715450766367,-73.999538265827,2018-04-23 10:30:46,Bait applied,2018-05-08 14:21:12
BAIT,8,40.715450766367,-73.999538265827,2018-04-20 10:30:12,Bait applied,2018-04-24 10:53:28
BAIT,7,40.715450766367,-73.999538265827,2018-04-19 10:30:44,Bait applied,2018-04-24 10:50:28
BAIT,6,40.715450766367,-73.999538265827,2018-03-29 10:45:57,Bait applied,2018-04-03 14:52:27
INITIAL,1,40.715450766367,-73.999538265827,2018-03-14 11:31:18,Active Rat Signs,2018-03-20 17:28:23
BAIT,5,40.715450766367,-73.999538265827,2018-03-12 12:55:39,Monitoring visit,2018-03-16 09:42:02
BAIT,4,40.715450766367,-73.999538265827,2018-03-05 09:00:51,Bait applied,2018-03-08 15:28:57
BAIT,3,40.715450766367,-73.999538265827,2018-02-23 10:40:39,Monitoring visit,2018-02-27 07:55:49
BAIT,2,40.715450766367,-73.999538265827,2018-02-16 10:30:52,Monitoring visit,2018-02-23 09:20:41
BAIT,1,40.715450766367,-73.999538265827,2018-01-16 10:00:51,Bait applied,2018-02-02 12:27:23
BAIT,88,40.715450766367,-73.999538265827,2017-09-18 10:15:47,Bait applied,2017-09-25 10:19:00
INITIAL,1,40.715450766367,-73.999538265827,2017-08-30 10:40:48,Active Rat Signs,2017-09-05 12:41:11
BAIT,87,40.715450766367,-73.999538265827,2017-08-24 12:15:57,Bait applied,2017-08-25 15:17:04
BAIT,86,40.715450766367,-73.999538265827,2017-08-17 09:35:06,Monitoring visit,2017-08-23 11:56:22
BAIT,85,40.715450766367,-73.999538265827,2017-07-28 12:00:30,Bait applied,2017-08-01 09:46:35
BAIT,84,40.715450766367,-73.999538265827,2017-07-14 09:30:11,Bait applied,2017-07-18 09:43:07
BAIT,83,40.715450766367,-73.999538265827,2017-06-27 13:15:24,Bait applied,2017-06-27 10:28:39
BAIT,82,40.715450766367,-73.999538265827,2017-06-09 09:30:41,Monitoring visit,2017-06-20 09:07:29
BAIT,81,40.715450766367,-73.999538265827,2017-05-19 09:30:08,Monitoring visit,2017-05-22 07:31:13
BAIT,80,40.715450766367,-73.999538265827,2017-05-11 12:00:20,Monitoring visit,2017-05-12 08:53:10
BAIT,79,40.715450766367,-73.999538265827,2017-04-27 10:15:35,Bait applied,2017-05-02 08:06:39
BAIT,78,40.715450766367,-73.999538265827,2017-04-20 11:09:04,Monitoring visit,2017-04-21 08:04:15
BAIT,77,40.715450766367,-73.999538265827,2017-04-07 12:00:57,Monitoring visit,2017-04-10 15:14:09
BAIT,76,40.715450766367,-73.999538265827,2017-03-31 13:05:35,Monitoring visit,2017-04-04 10:13:38
BAIT,75,40.715450766367,-73.999538265827,2017-02-24 13:06:00,Monitoring visit,2017-03-01 11:58:32
BAIT,74,40.715450766367,-73.999538265827,2017-02-17 12:55:45,Monitoring visit,2017-02-22 08:11:49
BAIT,73,40.715450766367,-73.999538265827,2017-02-03 12:05:58,Monitoring visit,2017-02-07 14:03:13
BAIT,72,40.715450766367,-73.999538265827,2017-01-25 10:50:25,Monitoring visit,2017-01-26 09:25:01
BAIT,71,40.715450766367,-73.999538265827,2017-01-17 12:45:58,Monitoring visit,2017-01-19 10:38:51
BAIT,70,40.715450766367,-73.999538265827,2017-01-13 11:30:31,Monitoring visit,2017-01-17 08:37:11
BAIT,69,40.715450766367,-73.999538265827,2017-01-06 14:05:09,Monitoring visit,2017-01-09 09:22:40
INITIAL,1,40.715450766367,-73.999538265827,2017-01-06 11:16:46,Active Rat Signs,2017-01-09 11:23:45
BAIT,68,40.715450766367,-73.999538265827,2016-12-29 11:26:10,Monitoring visit,2016-12-30 09:30:35
BAIT,67,40.715450766367,-73.999538265827,2016-12-22 12:59:15,Monitoring visit,2016-12-22 15:14:04
BAIT,66,40.715450766367,-73.999538265827,2016-12-14 13:55:32,Monitoring visit,2016-12-15 09:30:36
BAIT,65,40.715450766367,-73.999538265827,2016-11-21 13:10:30,Monitoring visit,2016-11-22 08:40:41
BAIT,64,40.715450766367,-73.999538265827,2016-11-18 11:45:24,Monitoring visit,2016-11-21 07:53:52
BAIT,63,40.715450766367,-73.999538265827,2016-11-17 13:30:24,Monitoring visit,2016-11-21 07:53:30
BAIT,62,40.715450766367,-73.999538265827,2016-11-16 12:00:28,Monitoring visit,2016-11-17 10:50:45
BAIT,61,40.715450766367,-73.999538265827,2016-11-15 11:40:12,Monitoring visit,2016-11-17 10:50:38
BAIT,60,40.715450766367,-73.999538265827,2016-11-14 13:45:41,Monitoring visit,2016-11-15 07:49:25
BAIT,59,40.715450766367,-73.999538265827,2016-11-10 12:00:45,Monitoring visit,2016-11-14 08:08:12
BAIT,58,40.715450766367,-73.999538265827,2016-11-09 13:20:12,Monitoring visit,2016-11-09 15:04:02
BAIT,57,40.715450766367,-73.999538265827,2016-11-07 11:50:51,Monitoring visit,2016-11-09 08:28:21
BAIT,56,40.715450766367,-73.999538265827,2016-11-04 12:30:51,Monitoring visit,2016-11-09 08:28:09
BAIT,55,40.715450766367,-73.999538265827,2016-11-03 12:15:31,Monitoring visit,2016-11-09 08:27:55
BAIT,54,40.715450766367,-73.999538265827,2016-11-02 13:30:06,Monitoring visit,2016-11-03 07:49:17
BAIT,53,40.715450766367,-73.999538265827,2016-11-01 13:15:06,Monitoring visit,2016-11-03 07:48:54
BAIT,52,40.715450766367,-73.999538265827,2016-10-31 13:30:23,Monitoring visit,2016-11-03 07:48:09
BAIT,51,40.715450766367,-73.999538265827,2016-10-28 11:15:30,Monitoring visit,2016-10-28 15:09:21
BAIT,50,40.715450766367,-73.999538265827,2016-10-21 10:30:38,Bait applied,2016-10-25 08:10:09
BAIT,49,40.715450766367,-73.999538265827,2016-10-13 09:00:42,Bait applied,2016-10-14 12:35:21
BAIT,48,40.715450766367,-73.999538265827,2016-10-03 13:02:47,Monitoring visit,2016-10-05 09:08:20
BAIT,47,40.715450766367,-73.999538265827,2016-09-30 12:42:17,Bait applied,2016-10-05 09:07:54
BAIT,46,40.715450766367,-73.999538265827,2016-09-23 13:15:02,Bait applied,2016-09-30 09:36:57
BAIT,45,40.715450766367,-73.999538265827,2016-09-22 13:09:17,Monitoring visit,2016-09-30 09:28:16
BAIT,44,40.715450766367,-73.999538265827,2016-09-15 13:37:41,Monitoring visit,2016-09-16 11:41:46
BAIT,43,40.715450766367,-73.999538265827,2016-09-08 13:30:32,Monitoring visit,2016-09-09 07:48:01
BAIT,42,40.715450766367,-73.999538265827,2016-09-01 12:50:58,Monitoring visit,2016-09-02 10:46:49
BAIT,41,40.715450766367,-73.999538265827,2016-08-26 13:05:06,Monitoring visit,2016-08-29 08:16:04
BAIT,40,40.715450766367,-73.999538265827,2016-08-13 08:15:13,Monitoring visit,2016-08-15 15:05:35
BAIT,39,40.715450766367,-73.999538265827,2016-08-05 12:00:42,Monitoring visit,2016-08-12 09:30:43
BAIT,38,40.715450766367,-73.999538265827,2016-08-04 11:30:42,Monitoring visit,2016-08-12 09:30:32
BAIT,37,40.715450766367,-73.999538265827,2016-08-03 10:40:04,Monitoring visit,2016-08-04 13:23:11
BAIT,36,40.715450766367,-73.999538265827,2016-08-02 10:15:31,Monitoring visit,2016-08-02 14:53:54
BAIT,35,40.715450766367,-73.999538265827,2016-08-01 10:15:15,Monitoring visit,2016-08-02 13:20:52
BAIT,34,40.715450766367,-73.999538265827,2016-07-31 10:00:10,Monitoring visit,2016-08-02 13:20:39
BAIT,33,40.715450766367,-73.999538265827,2016-07-30 10:30:22,Monitoring visit,2016-08-02 13:20:27
BAIT,32,40.715450766367,-73.999538265827,2016-07-29 09:55:37,Monitoring visit,2016-08-02 13:20:15
BAIT,31,40.715450766367,-73.999538265827,2016-07-28 10:30:49,Monitoring visit,2016-08-02 13:17:35
BAIT,30,40.715450766367,-73.999538265827,2016-07-27 09:30:25,Monitoring visit,2016-08-02 13:07:45
BAIT,29,40.715450766367,-73.999538265827,2016-07-26 09:50:41,Monitoring visit,2016-08-02 13:07:32
BAIT,28,40.715450766367,-73.999538265827,2016-07-24 09:30:50,Monitoring visit,2016-08-02 13:07:24
BAIT,27,40.715450766367,-73.999538265827,2016-07-23 09:30:32,Monitoring visit,2016-08-02 13:07:17
BAIT,26,40.715450766367,-73.999538265827,2016-07-22 10:05:07,Monitoring visit,2016-08-02 13:07:08
BAIT,25,40.715450766367,-73.999538265827,2016-07-21 09:30:50,Monitoring visit,2016-08-02 12:54:57
BAIT,24,40.715450766367,-73.999538265827,2016-07-20 09:30:23,Monitoring visit,2016-08-02 12:54:45
BAIT,23,40.715450766367,-73.999538265827,2016-07-19 09:30:48,Monitoring visit,2016-08-02 12:54:37
BAIT,22,40.715450766367,-73.999538265827,2016-07-18 09:30:49,Monitoring visit,2016-08-02 12:54:25
BAIT,21,40.715450766367,-73.999538265827,2016-07-17 09:30:34,Monitoring visit,2016-08-02 12:54:12
BAIT,20,40.715450766367,-73.999538265827,2016-07-16 10:50:26,Monitoring visit,2016-08-02 12:54:03
BAIT,19,40.715450766367,-73.999538265827,2016-07-15 09:30:08,Monitoring visit,2016-08-02 12:53:51
BAIT,18,40.715450766367,-73.999538265827,2016-07-14 09:30:17,Monitoring visit,2016-08-02 12:53:42
BAIT,17,40.715450766367,-73.999538265827,2016-07-13 11:00:16,Monitoring visit,2016-08-02 12:53:34
BAIT,16,40.715450766367,-73.999538265827,2016-07-12 13:00:06,Monitoring visit,2016-08-02 12:53:26
BAIT,15,40.715450766367,-73.999538265827,2016-07-04 10:45:33,Monitoring visit,2016-07-05 15:24:01
BAIT,14,40.715450766367,-73.999538265827,2016-07-03 10:45:33,Monitoring visit,2016-07-05 15:23:52
BAIT,13,40.715450766367,-73.999538265827,2016-07-02 10:45:33,Monitoring visit,2016-07-05 15:23:31
BAIT,12,40.715450766367,-73.999538265827,2016-07-01 11:45:42,Monitoring visit,2016-07-03 10:43:54
BAIT,11,40.715450766367,-73.999538265827,2016-06-29 11:55:21,Monitoring visit,2016-06-30 13:09:21
BAIT,10,40.715450766367,-73.999538265827,2016-06-28 09:35:16,Monitoring visit,2016-06-30 12:55:24
BAIT,9,40.715450766367,-73.999538265827,2016-06-27 11:00:49,Monitoring visit,2016-06-30 12:55:12
BAIT,8,40.715450766367,-73.999538265827,2016-06-26 08:00:13,Monitoring visit,2016-06-30 12:54:57
BAIT,7,40.715450766367,-73.999538265827,2016-06-25 08:15:30,Monitoring visit,2016-06-30 12:54:47
BAIT,6,40.715450766367,-73.999538265827,2016-06-24 11:15:39,Monitoring visit,2016-06-24 15:22:26
BAIT,5,40.715450766367,-73.999538265827,2016-06-23 09:40:40,Monitoring visit,2016-06-23 15:28:49
BAIT,4,40.715450766367,-73.999538265827,2016-06-22 11:30:26,Monitoring visit,2016-06-22 15:22:55
BAIT,3,40.715450766367,-73.999538265827,2016-06-21 10:30:12,Monitoring visit,2016-06-24 08:04:44
BAIT,2,40.715450766367,-73.999538265827,2016-06-20 12:30:12,Monitoring visit,2016-06-24 08:04:36
BAIT,1,40.715450766367,-73.999538265827,2016-06-19 07:30:00,Monitoring visit,2016-06-24 08:04:22
BAIT,12,40.715450766367,-73.999538265827,2016-06-16 11:27:19,Monitoring visit,2016-06-17 08:16:27
BAIT,15,40.715450766367,-73.999538265827,2016-06-14 09:10:52,Monitoring visit,2016-06-16 09:57:47
BAIT,14,40.715450766367,-73.999538265827,2016-06-11 07:30:50,Bait applied,2016-06-15 15:28:19
BAIT,11,40.715450766367,-73.999538265827,2016-06-09 11:26:09,Monitoring visit,2016-06-15 10:49:18
BAIT,13,40.715450766367,-73.999538265827,2016-06-04 07:30:42,Bait applied,2016-06-06 08:16:01
BAIT,10,40.715450766367,-73.999538265827,2016-06-03 10:55:32,Monitoring visit,2016-06-06 09:57:07
BAIT,9,40.715450766367,-73.999538265827,2016-05-26 11:48:05,Monitoring visit,2016-05-27 07:22:57
BAIT,12,40.715450766367,-73.999538265827,2016-05-21 07:30:40,Bait applied,2016-05-23 07:56:25
BAIT,8,40.715450766367,-73.999538265827,2016-05-19 10:30:55,Monitoring visit,2016-05-20 09:00:35
BAIT,7,40.715450766367,-73.999538265827,2016-05-12 09:20:50,Monitoring visit,2016-05-13 10:38:29
BAIT,11,40.715450766367,-73.999538265827,2016-04-28 09:40:20,Monitoring visit,2016-05-04 15:00:31
BAIT,6,40.715450766367,-73.999538265827,2016-04-21 11:12:10,Monitoring visit,2016-04-22 09:06:17
BAIT,5,40.715450766367,-73.999538265827,2016-04-14 09:09:59,Monitoring visit,2016-04-14 15:23:28
BAIT,9,40.715450766367,-73.999538265827,2016-04-09 07:30:50,Bait applied,2016-04-11 08:12:29
BAIT,10,40.715450766367,-73.999538265827,2016-04-09 07:30:48,Bait applied,2016-04-11 08:12:43
BAIT,9,40.715450766367,-73.999538265827,2016-04-09 07:30:05,Bait applied,2016-04-11 08:12:07
BAIT,4,40.715450766367,-73.999538265827,2016-04-07 10:36:29,Monitoring visit,2016-04-08 09:35:44
BAIT,8,40.715450766367,-73.999538265827,2016-04-02 07:30:59,Monitoring visit,2016-04-04 08:26:12
BAIT,9,40.715450766367,-73.999538265827,2016-04-02 07:30:20,Bait applied,2016-04-04 08:26:01
BAIT,8,40.715450766367,-73.999538265827,2016-04-02 07:30:11,Monitoring visit,2016-04-04 08:26:39
BAIT,3,40.715450766367,-73.999538265827,2016-03-31 10:39:46,Monitoring visit,2016-04-01 11:12:00
BAIT,7,40.715450766367,-73.999538265827,2016-03-26 07:30:49,Monitoring visit,2016-03-28 10:32:02
BAIT,7,40.715450766367,-73.999538265827,2016-03-26 07:30:36,Monitoring visit,2016-03-28 10:31:45
BAIT,8,40.715450766367,-73.999538265827,2016-03-26 07:30:00,Bait applied,2016-03-28 10:32:46
BAIT,2,40.715450766367,-73.999538265827,2016-03-24 10:25:16,Monitoring visit,2016-03-25 07:31:26
BAIT,7,40.715450766367,-73.999538265827,2016-03-19 07:30:25,Bait applied,2016-03-21 07:47:18
BAIT,6,40.715450766367,-73.999538265827,2016-03-19 07:30:23,Monitoring visit,2016-03-21 07:46:06
BAIT,6,40.715450766367,-73.999538265827,2016-03-19 07:30:00,Monitoring visit,2016-03-21 07:46:47
BAIT,1,40.715450766367,-73.999538265827,2016-03-18 10:00:11,Monitoring visit,2016-03-21 08:22:13
BAIT,6,40.715450766367,-73.999538265827,2016-03-12 07:30:44,Bait applied,2016-03-15 10:23:14
BAIT,5,40.715450766367,-73.999538265827,2016-03-05 07:30:56,Bait applied,2016-03-07 09:34:09
BAIT,5,40.715450766367,-73.999538265827,2016-03-05 07:30:49,Bait applied,2016-03-07 09:35:44
BAIT,5,40.715450766367,-73.999538265827,2016-03-05 07:30:40,Bait applied,2016-03-07 09:35:31
BAIT,1,40.715450766367,-73.999538265827,2016-03-05 07:30:29,Bait applied,2016-03-07 09:33:55
BAIT,4,40.715450766367,-73.999538265827,2016-02-27 07:30:27,Bait applied,2016-02-29 11:09:30
BAIT,4,40.715450766367,-73.999538265827,2016-02-27 07:30:12,Monitoring visit,2016-02-29 11:07:30
BAIT,4,40.715450766367,-73.999538265827,2016-02-27 07:30:11,Monitoring visit,2016-02-29 11:09:14
BAIT,3,40.715450766367,-73.999538265827,2016-02-20 07:30:27,Bait applied,2016-02-22 08:29:47
BAIT,3,40.715450766367,-73.999538265827,2016-02-20 07:30:05,Monitoring visit,2016-02-22 08:28:40
BAIT,3,40.715450766367,-73.999538265827,2016-02-20 07:30:03,Bait applied,2016-02-22 08:29:17
BAIT,2,40.715450766367,-73.999538265827,2016-02-18 13:10:58,Monitoring visit,2016-02-19 10:46:17
BAIT,2,40.715450766367,-73.999538265827,2016-02-13 07:30:51,Bait applied,2016-02-16 15:28:41
BAIT,2,40.715450766367,-73.999538265827,2016-02-13 07:30:27,Bait applied,2016-02-16 15:29:29
BAIT,2,40.715450766367,-73.999538265827,2016-02-13 07:30:17,Bait applied,2016-02-16 15:29:49
BAIT,1,40.715450766367,-73.999538265827,2016-02-06 07:30:54,Bait applied,2016-02-08 13:58:34
BAIT,1,40.715450766367,-73.999538265827,2016-02-06 07:30:31,Bait applied,2016-02-08 13:59:12
BAIT,1,40.715450766367,-73.999538265827,2016-02-06 07:30:12,Bait applied,2016-02-08 13:59:36
BAIT,31,40.715450766367,-73.999538265827,2016-01-22 10:45:09,Bait applied,2016-01-22 15:09:55
BAIT,1,40.715450766367,-73.999538265827,2016-01-22 10:35:56,Bait applied,2016-01-22 14:59:26
BAIT,30,40.715450766367,-73.999538265827,2016-01-21 10:20:47,Monitoring visit,2016-01-22 10:37:00
BAIT,29,40.715450766367,-73.999538265827,2016-01-15 11:00:45,Bait applied,2016-01-19 14:17:44
BAIT,28,40.715450766367,-73.999538265827,2016-01-14 10:40:19,Monitoring visit,2016-01-15 13:08:35
BAIT,27,40.715450766367,-73.999538265827,2016-01-08 11:00:24,Bait applied,2016-01-08 15:18:58
BAIT,26,40.715450766367,-73.999538265827,2016-01-07 10:45:37,Monitoring visit,2016-01-08 08:52:37
INITIAL,1,40.715450766367,-73.999538265827,2016-01-06 13:00:42,Active Rat Signs,2016-01-07 10:05:14
BAIT,25,40.715450766367,-73.999538265827,2015-12-31 10:15:50,Bait applied,2015-12-31 13:44:47
BAIT,24,40.715450766367,-73.999538265827,2015-12-30 11:30:35,Monitoring visit,2015-12-30 14:40:13
BAIT,23,40.715450766367,-73.999538265827,2015-12-24 10:50:54,Bait applied,2016-03-11 12:41:37
BAIT,22,40.715450766367,-73.999538265827,2015-12-23 11:00:13,Monitoring visit,2015-12-24 12:42:24
BAIT,21,40.715450766367,-73.999538265827,2015-12-18 09:30:41,Bait applied,2015-12-23 15:08:46
BAIT,20,40.715450766367,-73.999538265827,2015-12-17 12:35:24,Monitoring visit,2015-12-23 15:08:20
BAIT,19,40.715450766367,-73.999538265827,2015-12-11 09:00:19,Bait applied,2015-12-16 11:32:50
BAIT,18,40.715450766367,-73.999538265827,2015-11-20 12:45:30,Monitoring visit,2015-11-27 13:51:30
BAIT,20,40.715450766367,-73.999538265827,2015-11-14 07:30:21,Bait applied,2015-11-27 13:11:29
BAIT,19,40.715450766367,-73.999538265827,2015-11-07 07:30:01,Bait applied,2015-11-10 12:11:57
BAIT,18,40.715450766367,-73.999538265827,2015-10-31 07:30:05,Bait applied,2015-11-10 11:48:46
BAIT,17,40.715450766367,-73.999538265827,2015-10-24 07:30:31,Bait applied,2015-10-30 10:55:54
BAIT,17,40.715450766367,-73.999538265827,2015-10-23 12:35:41,Monitoring visit,2015-10-25 10:44:42
BAIT,1,40.715450766367,-73.999538265827,2015-10-17 08:25:00,Bait applied,2015-10-30 11:02:01
BAIT,16,40.715450766367,-73.999538265827,2015-10-16 13:45:51,Monitoring visit,2015-10-18 10:42:57
BAIT,16,40.715450766367,-73.999538265827,2015-10-10 07:30:39,Bait applied,2015-10-14 11:43:30
BAIT,15,40.715450766367,-73.999538265827,2015-10-09 12:45:57,Monitoring visit,2015-10-11 11:08:23
BAIT,15,40.715450766367,-73.999538265827,2015-10-04 07:30:51,Bait applied,2015-10-06 12:03:07
BAIT,14,40.715450766367,-73.999538265827,2015-10-02 10:00:25,Monitoring visit,2015-10-06 11:56:19
BAIT,14,40.715450766367,-73.999538265827,2015-09-26 07:30:42,Bait applied,2015-09-30 14:54:49
BAIT,13,40.715450766367,-73.999538265827,2015-09-19 07:30:40,Bait applied,2015-09-21 12:00:13
BAIT,13,40.715450766367,-73.999538265827,2015-09-18 12:55:34,Monitoring visit,2015-09-21 11:57:16
BAIT,12,40.715450766367,-73.999538265827,2015-09-11 12:15:33,Monitoring visit,2015-09-12 09:05:24
BAIT,12,40.715450766367,-73.999538265827,2015-09-05 07:30:32,Bait applied,2015-09-10 13:31:45
BAIT,11,40.715450766367,-73.999538265827,2015-09-03 12:05:10,Monitoring visit,2015-09-04 11:38:22
BAIT,11,40.715450766367,-73.999538265827,2015-08-29 07:30:38,Bait applied,2015-09-04 11:29:31
BAIT,10,40.715450766367,-73.999538265827,2015-08-27 12:05:44,Monitoring visit,2015-08-28 14:30:37
BAIT,10,40.715450766367,-73.999538265827,2015-08-22 07:00:51,Bait applied,2015-08-25 14:48:42
BAIT,9,40.715450766367,-73.999538265827,2015-08-20 12:05:14,Monitoring visit,2015-08-25 14:48:32
BAIT,9,40.715450766367,-73.999538265827,2015-08-16 07:00:30,Bait applied,2015-08-25 14:48:24
BAIT,8,40.715450766367,-73.999538265827,2015-08-13 12:50:51,Monitoring visit,2015-08-16 09:05:35
BAIT,8,40.715450766367,-73.999538265827,2015-08-09 07:00:51,Bait applied,2015-08-10 12:00:48
BAIT,7,40.715450766367,-73.999538265827,2015-08-06 12:15:36,Monitoring visit,2015-08-07 12:47:21
BAIT,7,40.715450766367,-73.999538265827,2015-08-02 07:00:05,Bait applied,2015-08-03 10:42:26
BAIT,6,40.715450766367,-73.999538265827,2015-07-30 12:20:44,Monitoring visit,2015-07-30 15:37:10
BAIT,6,40.715450766367,-73.999538265827,2015-07-25 07:00:49,Bait applied,2015-07-31 14:08:54
BAIT,5,40.715450766367,-73.999538265827,2015-07-24 12:05:47,Monitoring visit,2015-07-24 15:17:47
BAIT,5,40.715450766367,-73.999538265827,2015-07-18 07:00:23,Bait applied,2015-07-21 14:21:15
BAIT,4,40.715450766367,-73.999538265827,2015-07-17 11:25:51,Monitoring visit,2015-07-21 14:07:58
BAIT,4,40.715450766367,-73.999538265827,2015-07-11 07:00:44,Bait applied,2015-07-13 11:48:12
BAIT,3,40.715450766367,-73.999538265827,2015-07-10 11:25:05,Monitoring visit,2015-07-10 15:04:45
BAIT,3,40.715450766367,-73.999538265827,2015-07-06 13:30:43,Bait applied,2015-07-07 11:40:08
BAIT,2,40.715450766367,-73.999538265827,2015-07-02 11:30:28,Monitoring visit,2015-07-06 12:19:45
BAIT,2,40.715450766367,-73.999538265827,2015-06-27 07:30:11,Bait applied,2015-07-02 12:01:22
BAIT,1,40.715450766367,-73.999538265827,2015-06-26 09:45:15,Monitoring visit,2015-06-26 16:08:58
INITIAL,1,40.715450766367,-73.999538265827,2015-06-25 16:00:51,Active Rat Signs,2015-06-30 10:31:10
BAIT,1,40.715450766367,-73.999538265827,2015-06-20 07:30:49,Bait applied,2015-06-22 15:19:36
INITIAL,1,40.715450766367,-73.999538265827,2015-04-02 14:05:47,Active Rat Signs,2015-04-09 09:26:00
INITIAL,1,40.715450766367,-73.999538265827,2015-01-21 11:05:31,Active Rat Signs,2015-01-22 15:37:43
INITIAL,1,40.715450766367,-73.999538265827,2014-04-16 11:55:13,Active Rat Signs,2014-04-18 14:05:43
INITIAL,1,40.715450766367,-73.999538265827,2013-03-18 09:43:23,Active Rat Signs,2013-03-28 14:03:12
INITIAL,1,40.715450766367,-73.999538265827,2013-01-15 13:10:36,Active Rat Signs,2013-01-17 10:22:07
INITIAL,1,40.715450766367,-73.999538265827,2012-11-26 09:52:31,Active Rat Signs,2012-12-03 11:25:17
INITIAL,1,40.715450766367,-73.999538265827,2012-05-01 13:29:52,Active Rat Signs,2012-05-03 12:12:56
BAIT,17,40.715450766367,-73.999538265827,2012-02-05 19:35:17,Bait applied,2012-02-06 12:12:36
BAIT,12,40.715450766367,-73.999538265827,2012-02-05 11:00:00,Bait applied,2012-02-10 08:54:28
BAIT,11,40.715450766367,-73.999538265827,2012-02-04 14:45:00,Monitoring visit,2012-02-09 10:22:52
BAIT,16,40.715450766367,-73.999538265827,2012-01-22 14:15:03,Bait applied,2012-01-24 07:04:38
BAIT,20,40.715450766367,-73.999538265827,2012-01-22 13:05:39,Bait applied,2012-01-25 07:14:17
BAIT,10,40.715450766367,-73.999538265827,2012-01-22 11:00:00,Bait applied,2012-02-03 10:29:01
BAIT,15,40.715450766367,-73.999538265827,2012-01-15 18:22:12,Bait applied,2012-01-18 07:41:32
BAIT,19,40.715450766367,-73.999538265827,2012-01-15 13:05:24,Bait applied,2012-01-17 10:08:25
BAIT,9,40.715450766367,-73.999538265827,2012-01-15 11:00:00,Bait applied,2012-02-03 09:06:21
BAIT,17,40.715450766367,-73.999538265827,2012-01-15 09:20:56,Bait applied,2012-01-17 09:59:14
BAIT,7,40.715450766367,-73.999538265827,2012-01-08 21:02:14,Bait applied,2012-01-10 07:19:28
BAIT,18,40.715450766367,-73.999538265827,2012-01-08 12:20:45,Bait applied,2012-01-10 11:57:18
BAIT,16,40.715450766367,-73.999538265827,2012-01-08 09:20:56,Bait applied,2012-01-17 09:59:02
BAIT,8,40.715450766367,-73.999538265827,2012-01-08 07:00:00,Bait applied,2012-01-11 11:18:41
BAIT,20,40.715450766367,-73.999538265827,2012-01-08 07:00:00,Bait applied,2012-01-10 07:12:16
BAIT,6,40.715450766367,-73.999538265827,2011-12-31 18:57:07,Bait applied,2012-01-04 10:07:12
BAIT,17,40.715450766367,-73.999538265827,2011-12-31 12:05:11,Bait applied,2012-01-03 12:15:51
BAIT,15,40.715450766367,-73.999538265827,2011-12-31 09:05:21,Bait applied,2012-01-17 09:58:53
BAIT,19,40.715450766367,-73.999538265827,2011-12-31 07:00:00,Bait applied,2012-01-06 12:04:07
BAIT,5,40.715450766367,-73.999538265827,2011-12-24 20:17:11,Bait applied,2012-01-03 07:26:44
BAIT,16,40.715450766367,-73.999538265827,2011-12-24 12:10:08,Bait applied,2011-12-27 12:25:59
BAIT,14,40.715450766367,-73.999538265827,2011-12-24 09:05:21,Bait applied,2012-01-17 09:58:43
BAIT,19,40.715450766367,-73.999538265827,2011-12-24 07:00:00,Bait applied,2011-12-27 11:09:16
BAIT,18,40.715450766367,-73.999538265827,2011-12-24 07:00:00,Bait applied,2011-12-27 13:47:26
BAIT,4,40.715450766367,-73.999538265827,2011-12-18 16:35:06,Bait applied,2011-12-20 07:25:12
BAIT,15,40.715450766367,-73.999538265827,2011-12-18 13:10:33,Bait applied,2011-12-20 13:14:23
BAIT,13,40.715450766367,-73.999538265827,2011-12-18 09:05:21,Bait applied,2012-01-17 09:58:33
BAIT,18,40.715450766367,-73.999538265827,2011-12-18 07:00:00,Bait applied,2011-12-20 07:33:57
BAIT,3,40.715450766367,-73.999538265827,2011-12-11 17:50:50,Bait applied,2011-12-12 13:35:43
BAIT,14,40.715450766367,-73.999538265827,2011-12-11 12:05:53,Bait applied,2011-12-15 15:35:31
BAIT,12,40.715450766367,-73.999538265827,2011-12-11 09:05:21,Bait applied,2012-01-17 09:58:22
BAIT,17,40.715450766367,-73.999538265827,2011-12-11 07:00:00,Bait applied,2011-12-12 09:31:08
BAIT,7,40.715450766367,-73.999538265827,2011-12-11 07:00:00,Bait applied,2011-12-14 13:31:43
BAIT,14,40.715450766367,-73.999538265827,2011-12-04 17:30:32,Bait applied,2011-12-06 07:21:48
BAIT,13,40.715450766367,-73.999538265827,2011-12-04 11:41:42,Bait applied,2011-12-06 09:19:33
BAIT,11,40.715450766367,-73.999538265827,2011-12-04 09:05:21,Bait applied,2012-01-17 09:58:12
BAIT,6,40.715450766367,-73.999538265827,2011-12-04 07:00:00,Bait applied,2011-12-07 09:29:46
BAIT,16,40.715450766367,-73.999538265827,2011-12-04 07:00:00,Bait applied,2011-12-06 07:19:26
BAIT,2,40.715450766367,-73.999538265827,2011-11-27 18:58:55,Bait applied,2011-11-29 08:13:03
BAIT,17,40.715450766367,-73.999538265827,2011-11-27 07:00:00,Bait applied,2011-12-07 09:35:23
BAIT,15,40.715450766367,-73.999538265827,2011-11-27 07:00:00,Bait applied,2011-11-29 07:44:56
BAIT,13,40.715450766367,-73.999538265827,2011-11-20 18:52:43,Bait applied,2011-11-22 07:43:07
BAIT,12,40.715450766367,-73.999538265827,2011-11-20 12:00:58,Bait applied,2011-11-21 10:45:51
BAIT,14,40.715450766367,-73.999538265827,2011-11-20 07:00:00,Bait applied,2011-11-21 08:42:35
BAIT,16,40.715450766367,-73.999538265827,2011-11-20 07:00:00,Bait applied,2011-11-22 09:42:48
BAIT,12,40.715450766367,-73.999538265827,2011-11-13 18:17:56,Bait applied,2011-11-17 07:32:29
BAIT,11,40.715450766367,-73.999538265827,2011-11-13 13:00:46,Bait applied,2011-11-15 14:28:38
BAIT,13,40.715450766367,-73.999538265827,2011-11-13 07:00:00,Bait applied,2011-11-14 08:40:19
BAIT,11,40.715450766367,-73.999538265827,2011-11-10 19:33:35,Monitoring visit,2011-11-15 07:44:59
BAIT,10,40.715450766367,-73.999538265827,2011-11-05 18:38:14,Bait applied,2011-11-09 08:12:38
BAIT,1,40.715450766367,-73.999538265827,2011-11-05 18:29:47,Monitoring visit,2011-11-09 08:07:55
BAIT,15,40.715450766367,-73.999538265827,2011-11-05 07:00:00,Bait applied,2011-11-14 09:35:41
BAIT,12,40.715450766367,-73.999538265827,2011-10-30 14:00:00,Bait applied,2011-11-04 09:28:11
BAIT,10,40.715450766367,-73.999538265827,2011-10-30 13:40:51,Bait applied,2011-11-02 07:31:36
BAIT,10,40.715450766367,-73.999538265827,2011-10-30 10:15:13,Bait applied,2011-11-02 15:30:40
BAIT,9,40.715450766367,-73.999538265827,2011-10-28 17:40:17,Monitoring visit,2011-11-04 07:42:34
BAIT,9,40.715450766367,-73.999538265827,2011-10-23 11:10:44,Bait applied,2011-10-25 13:07:06
BAIT,9,40.715450766367,-73.999538265827,2011-10-23 10:15:13,Bait applied,2011-11-02 15:30:24
BAIT,5,40.715450766367,-73.999538265827,2011-10-23 07:00:00,Bait applied,2011-10-26 10:13:46
BAIT,11,40.715450766367,-73.999538265827,2011-10-23 07:00:00,Bait applied,2011-10-31 09:03:18
BAIT,10,40.715450766367,-73.999538265827,2011-10-21 16:30:00,Monitoring visit,2011-10-28 07:31:15
BAIT,4,40.715450766367,-73.999538265827,2011-10-21 16:30:00,Monitoring visit,2011-10-26 09:43:49
BAIT,8,40.715450766367,-73.999538265827,2011-10-16 19:09:28,Bait applied,2011-10-26 07:50:26
BAIT,8,40.715450766367,-73.999538265827,2011-10-16 12:10:11,Bait applied,2011-10-18 12:35:07
BAIT,7,40.715450766367,-73.999538265827,2011-10-11 08:37:55,Bait applied,2011-10-12 12:29:58
BAIT,7,40.715450766367,-73.999538265827,2011-10-09 11:10:36,Bait applied,2011-10-12 11:24:05
BAIT,3,40.715450766367,-73.999538265827,2011-10-09 10:00:00,Bait applied,2011-10-26 09:25:41
BAIT,9,40.715450766367,-73.999538265827,2011-10-09 07:00:00,Bait applied,2011-10-12 09:02:24
BAIT,14,40.715450766367,-73.999538265827,2011-10-07 16:30:00,Monitoring visit,2011-10-26 09:05:47
BAIT,6,40.715450766367,-73.999538265827,2011-10-02 18:55:46,Bait applied,2011-10-05 07:33:17
BAIT,6,40.715450766367,-73.999538265827,2011-10-02 11:15:12,Bait applied,2011-10-04 13:28:43
BAIT,8,40.715450766367,-73.999538265827,2011-10-02 11:15:00,Bait applied,2011-10-05 10:42:54
BAIT,13,40.715450766367,-73.999538265827,2011-10-02 11:15:00,Bait applied,2011-10-05 07:31:34
BAIT,5,40.715450766367,-73.999538265827,2011-09-30 19:51:23,Monitoring visit,2011-10-05 07:18:55
BAIT,5,40.715450766367,-73.999538265827,2011-09-25 07:00:59,Bait applied,2011-09-28 12:17:49
BAIT,12,40.715450766367,-73.999538265827,2011-09-25 07:00:00,Bait applied,2011-09-26 11:11:11
BAIT,2,40.715450766367,-73.999538265827,2011-09-25 07:00:00,Monitoring visit,2011-09-26 11:09:37
BAIT,7,40.715450766367,-73.999538265827,2011-09-25 07:00:00,Bait applied,2011-09-26 11:19:28
BAIT,6,40.715450766367,-73.999538265827,2011-09-22 16:00:00,Monitoring visit,2011-09-26 07:37:40
BAIT,11,40.715450766367,-73.999538265827,2011-09-22 16:00:00,Monitoring visit,2011-09-23 17:41:51
BAIT,8,40.715450766367,-73.999538265827,2011-09-18 12:30:03,Bait applied,2011-09-26 07:51:27
BAIT,4,40.715450766367,-73.999538265827,2011-09-18 12:19:52,Bait applied,2011-09-21 10:14:05
BAIT,5,40.715450766367,-73.999538265827,2011-09-18 07:00:20,Bait applied,2011-09-20 07:18:50
BAIT,1,40.715450766367,-73.999538265827,2011-09-18 07:00:00,Bait applied,2011-09-21 13:34:16
BAIT,10,40.715450766367,-73.999538265827,2011-09-18 07:00:00,Bait applied,2011-09-21 13:35:49
BAIT,4,40.715450766367,-73.999538265827,2011-09-16 16:00:01,Monitoring visit,2011-09-21 14:46:32
BAIT,9,40.715450766367,-73.999538265827,2011-09-16 16:00:00,Monitoring visit,2011-09-21 13:01:05
BAIT,7,40.715450766367,-73.999538265827,2011-09-09 18:30:04,Bait applied,2011-09-26 07:36:25
BAIT,3,40.715450766367,-73.999538265827,2011-09-04 07:00:22,Bait applied,2011-09-08 07:27:51
BAIT,8,40.715450766367,-73.999538265827,2011-09-04 07:00:00,Bait applied,2011-09-08 15:15:32
BAIT,7,40.715450766367,-73.999538265827,2011-08-21 07:00:05,Bait applied,2011-08-23 11:53:15
BAIT,2,40.715450766367,-73.999538265827,2011-08-21 07:00:05,Bait applied,2011-08-23 11:17:57
BAIT,6,40.715450766367,-73.999538265827,2011-08-12 17:00:39,Monitoring visit,2011-08-17 12:39:30
BAIT,3,40.715450766367,-73.999538265827,2011-08-07 08:10:52,Bait applied,2011-08-09 12:15:32
BAIT,6,40.715450766367,-73.999538265827,2011-08-07 07:30:00,Bait applied,2011-08-11 14:54:39
BAIT,1,40.715450766367,-73.999538265827,2011-08-07 07:00:01,Bait applied,2011-08-12 09:25:35
BAIT,5,40.715450766367,-73.999538265827,2011-08-05 17:00:09,Monitoring visit,2011-08-08 13:40:14
INITIAL,1,40.715450766367,-73.999538265827,2011-08-02 09:10:14,Active Rat Signs,2011-08-05 11:53:24
BAIT,4,40.715450766367,-73.999538265827,2011-07-31 19:44:53,Bait applied,2011-08-02 10:16:04
BAIT,2,40.715450766367,-73.999538265827,2011-07-31 09:30:44,Bait applied,2011-08-02 12:30:50
BAIT,5,40.715450766367,-73.999538265827,2011-07-31 07:00:00,Bait applied,2011-08-11 14:38:40
BAIT,3,40.715450766367,-73.999538265827,2011-07-29 17:25:15,Monitoring visit,2011-08-02 10:06:53
BAIT,4,40.715450766367,-73.999538265827,2011-07-24 08:30:47,Bait applied,2011-07-27 07:38:49
BAIT,4,40.715450766367,-73.999538265827,2011-07-24 07:00:00,Bait applied,2011-08-05 15:34:58
BAIT,3,40.715450766367,-73.999538265827,2011-07-22 16:30:26,Monitoring visit,2011-07-27 07:21:59
BAIT,2,40.715450766367,-73.999538265827,2011-07-17 19:55:51,Bait applied,2011-07-20 07:56:22
BAIT,1,40.715450766367,-73.999538265827,2011-07-17 10:00:18,Bait applied,2011-07-19 11:22:04
BAIT,2,40.715450766367,-73.999538265827,2011-07-17 08:30:56,Bait applied,2011-07-22 15:01:08
BAIT,1,40.715450766367,-73.999538265827,2011-06-30 21:23:02,Monitoring visit,2011-07-07 07:12:48
BAIT,1,40.715450766367,-73.999538265827,2011-06-30 17:00:32,Monitoring visit,2011-07-11 15:10:21
BAIT,2,40.715450766367,-73.999538265827,2011-06-28 09:43:59,Bait applied,2011-06-29 09:14:16
BAIT,1,40.715450766367,-73.999538265827,2011-06-28 09:26:48,Bait applied,2011-06-30 08:30:55
BAIT,5,40.715450766367,-73.999538265827,2011-06-26 08:40:50,Bait applied,2011-06-30 09:34:47
BAIT,6,40.715450766367,-73.999538265827,2011-06-26 08:30:50,Bait applied,2011-06-30 09:25:08
BAIT,3,40.715450766367,-73.999538265827,2011-06-26 07:00:46,Bait applied,2011-06-29 10:54:58
BAIT,4,40.715450766367,-73.999538265827,2011-06-25 08:10:03,Monitoring visit,2011-06-27 09:52:15
BAIT,5,40.715450766367,-73.999538265827,2011-06-25 08:00:34,Monitoring visit,2011-06-30 09:24:53
BAIT,3,40.715450766367,-73.999538265827,2011-06-18 08:40:43,Bait applied,2011-06-21 09:28:44
BAIT,4,40.715450766367,-73.999538265827,2011-06-18 08:30:39,Bait applied,2011-06-22 08:51:33
BAIT,2,40.715450766367,-73.999538265827,2011-06-18 07:00:28,Bait applied,2011-06-22 11:06:22
BAIT,3,40.715450766367,-73.999538265827,2011-06-17 17:00:55,Monitoring visit,2011-06-21 09:29:36
BAIT,2,40.715450766367,-73.999538265827,2011-06-11 07:30:46,Bait applied,2011-06-20 09:17:01
BAIT,2,40.715450766367,-73.999538265827,2011-06-11 07:30:30,Bait applied,2011-06-13 09:37:05
BAIT,1,40.715450766367,-73.999538265827,2011-06-11 07:30:00,Bait applied,2011-06-13 14:50:07
BAIT,1,40.715450766367,-73.999538265827,2011-06-04 07:30:52,Bait applied,2011-06-08 09:28:08
BAIT,1,40.715450766367,-73.999538265827,2011-06-04 07:30:49,Bait applied,2011-06-07 09:53:05
BAIT,1,40.715450766367,-73.999538265827,2011-06-04 07:30:46,Bait applied,2011-06-07 10:06:50
INITIAL,1,40.715450766367,-73.999538265827,2011-06-02 17:45:00,Active Rat Signs,2011-06-06 15:38:14
INITIAL,1,40.715450766367,-73.999538265827,2011-05-31 16:57:50,Active Rat Signs,2011-06-10 10:47:14
BAIT,1,40.715450766367,-73.999538265827,2011-05-28 10:21:48,Bait applied,2011-06-02 07:51:05
INITIAL,1,40.715450766367,-73.999538265827,2011-04-14 14:02:24,Active Rat Signs,2011-04-18 11:14:51
BAIT,1,40.715450766367,-73.999538265827,2010-11-16 14:09:19,Bait applied,2010-11-17 15:29:27
BAIT,1,40.715450766367,-73.999538265827,2010-10-15 14:08:11,Bait applied,2010-10-19 14:40:55
BAIT,8,40.715450766367,-73.999538265827,2010-09-24 13:00:33,Bait applied,2010-09-27 09:28:34
BAIT,7,40.715450766367,-73.999538265827,2010-09-17 10:55:19,Bait applied,2010-09-23 10:50:14
BAIT,6,40.715450766367,-73.999538265827,2010-09-03 09:22:58,Bait applied,2010-09-08 10:06:00
BAIT,5,40.715450766367,-73.999538265827,2010-08-27 09:31:41,Bait applied,2010-08-30 08:26:25
INITIAL,1,40.715450766367,-73.999538265827,2010-08-23 12:12:20,Active Rat Signs,2010-08-25 09:55:00
BAIT,4,40.715450766367,-73.999538265827,2010-08-13 10:27:34,Bait applied,2010-08-16 10:25:32
BAIT,1,40.715450766367,-73.999538265827,2010-06-29 09:40:10,Bait applied,2010-08-19 10:38:31
BAIT,3,40.715450766367,-73.999538265827,2010-06-24 09:00:02,Bait applied,2010-06-29 09:58:20
BAIT,2,40.715450766367,-73.999538265827,2010-06-18 09:00:22,Bait applied,2010-06-22 09:43:19
BAIT,1,40.715450766367,-73.999538265827,2010-05-27 11:50:50,Bait applied,2010-06-08 14:03:09
